<?xml version="1.0" encoding="UTF-8"?>
<!DOCTYPE fontscolors PUBLIC "-//NetBeans//DTD Editor Fonts and Colors settings 1.2//EN" "http://netbeans.apache.org/dtds/EditorFontsColors-1_2.dtd">
<fontscolors>
    <fontcolor default="comment" name="block-comment"/>
    <fontcolor default="markup-attribute" name="argument"/>
    <fontcolor name="mod-method">
        <font style="bold"/>
    </fontcolor>
    <fontcolor name="mod-class" waveUnderlined="red"/>
    <fontcolor default="default" foreColor="ff663300" name="el-delimiter">
        <font style="bold"/>
    </fontcolor>
    <fontcolor default="error" name="error" underline="red"/>
    <fontcolor default="default" foreColor="ff99ffcc" name="javascript-embedded"/>
    <fontcolor default="argument" name="operator"/>
    <fontcolor default="entity-reference" name="character"/>
    <fontcolor default="comment" name="sgml-comment"/>
    <fontcolor default="default" foreColor="ff628fb5" name="sgml-declaration"/>
    <fontcolor default="default" foreColor="ff663300" name="el-content"/>
    <fontcolor default="default" name="xml-pi"/>
    <fontcolor default="markup-element" name="tag"/>
    <fontcolor default="default" name="text"/>
    <fontcolor default="whitespace" name="ws"/>
    <fontcolor default="markup-attribute" name="mod-constructor">
        <font style="bold"/>
    </fontcolor>
    <fontcolor default="markup-attribute-value" name="value"/>
    <fontcolor default="default" foreColor="ff9966ff" name="css-embedded"/>
</fontscolors>
