<?xml version="1.0" encoding="UTF-8"?>
<!DOCTYPE fontscolors PUBLIC "-//NetBeans//DTD Editor Fonts and Colors settings 1.2//EN" "http://netbeans.apache.org/dtds/EditorFontsColors-1_2.dtd">
<fontscolors>
    <fontcolor default="default" foreColor="ffcc66ff" name="expression-language"/>
    <fontcolor default="default" foreColor="ff99a9ec" name="symbol">
        <font style="bold"/>
    </fontcolor>
    <fontcolor default="default" foreColor="green" name="attribute-value"/>
    <fontcolor default="default" name="scriptlet"/>
    <fontcolor default="default" foreColor="cyan" name="tag-directive">
        <font style="bold"/>
    </fontcolor>
    <fontcolor default="default" foreColor="orange" name="attribute-name"/>
    <fontcolor default="default" foreColor="cyan" name="endtag">
        <font style="bold"/>
    </fontcolor>
    <fontcolor default="default" foreColor="ff9999ff" name="scriptlet-delimiter"/>
    <fontcolor default="default" foreColor="gray" name="comment">
        <font style="bold"/>
    </fontcolor>
    <fontcolor default="default" name="error" underline="red">
        <font style="bold"/>
    </fontcolor>
    <fontcolor default="default" foreColor="black" name="jsp-whitespace">
        <font style="bold"/>
    </fontcolor>
</fontscolors>
