<?xml version="1.0" encoding="UTF-8"?>
<!DOCTYPE fontscolors PUBLIC "-//NetBeans//DTD Editor Fonts and Colors settings 1.2//EN" "http://netbeans.apache.org/dtds/EditorFontsColors-1_2.dtd">
<fontscolors>
    <fontcolor name="mark-occurrences"/>
    <fontcolor name="markup-attribute"/>
    <fontcolor foreColor="ff0099ff" name="private"/>
    <fontcolor foreColor="ff009900" name="string"/>
    <fontcolor name="deprecated" strikeThrough="pink"/>
    <fontcolor name="error" underline="red"/>
    <fontcolor name="interface"/>
    <fontcolor name="entity-reference"/>
    <fontcolor name="operator"/>
    <fontcolor foreColor="ffcc6600" name="number"/>
    <fontcolor bgColor="ff121d32" foreColor="fff8f8f0" name="default">
        <font name="Consolas" size="20" style="plain"/>
    </fontcolor>
    <fontcolor foreColor="ff009999" name="protected"/>
    <fontcolor foreColor="fff92672" name="public"/>
    <fontcolor foreColor="fffd971f" name="method-parameter">
        <font style="italic"/>
    </fontcolor>
    <fontcolor name="warning"/>
    <fontcolor foreColor="ffdd2867" name="keyword">
        <font style="italic"/>
    </fontcolor>
    <fontcolor foreColor="ff2e3340" name="class"/>
    <fontcolor foreColor="ff6666ff" name="local-variable"/>
    <fontcolor foreColor="ff148cc3" name="identifier"/>
    <fontcolor foreColor="ffae81ff" name="static"/>
    <fontcolor foreColor="ffa6e22e" name="method"/>
    <fontcolor name="constructor"/>
    <fontcolor foreColor="orange" name="markup-element"/>
    <fontcolor default="string" name="markup-attribute-value"/>
    <fontcolor name="abstract"/>
    <fontcolor name="separator"/>
    <fontcolor name="enum"/>
    <fontcolor foreColor="ff666600" name="url" underline="ff4e5d93"/>
    <fontcolor name="field"/>
    <fontcolor foreColor="ffae81ff" name="char"/>
    <fontcolor foreColor="ff62625f" name="comment">
        <font style="italic"/>
    </fontcolor>
    <fontcolor foreColor="gray" name="unused" waveUnderlined="darkGray"/>
    <fontcolor name="whitespace"/>
</fontscolors>
