<?xml version="1.0" encoding="UTF-8"?>
<!DOCTYPE fontscolors PUBLIC "-//NetBeans//DTD Editor Fonts and Colors settings 1.2//EN" "http://netbeans.apache.org/dtds/EditorFontsColors-1_2.dtd">
<fontscolors>
    <fontcolor default="comment" name="comments"/>
    <fontcolor default="identifier" name="identifiers"/>
    <fontcolor default="number" name="numbers"/>
    <fontcolor name="mod-class">
        <font style="italic"/>
    </fontcolor>
    <fontcolor foreColor="green" name="mod-method"/>
    <fontcolor default="separator" name="braces"/>
    <fontcolor foreColor="ff33cc00" name="mod-private">
        <font style="bold"/>
    </fontcolor>
    <fontcolor default="string" foreColor="ff00cc00" name="uris"/>
    <fontcolor foreColor="magenta" name="at_rule_symbol">
        <font style="bold"/>
    </fontcolor>
    <fontcolor foreColor="black" name="mod-custom3">
        <font style="italic"/>
    </fontcolor>
    <fontcolor default="string" foreColor="ff00cc00" name="strings"/>
    <fontcolor foreColor="blue" name="mod-custom2">
        <font style="italic"/>
    </fontcolor>
    <fontcolor default="operator" name="operators"/>
    <fontcolor foreColor="ff3399ff" name="mod-custom1"/>
    <fontcolor default="number" name="hashes"/>
    <fontcolor foreColor="ff33cc00" name="mod-local-variable"/>
    <fontcolor name="mod-constructor">
        <font style="bold"/>
    </fontcolor>
    <fontcolor default="separator" name="separators"/>
    <fontcolor default="default" name="others"/>
    <fontcolor default="default" name="whitespaces"/>
</fontscolors>
