<?xml version="1.0" encoding="UTF-8"?>
<!DOCTYPE fontscolors PUBLIC "-//NetBeans//DTD Editor Fonts and Colors settings 1.2//EN" "http://netbeans.apache.org/dtds/EditorFontsColors-1_2.dtd">
<fontscolors>
    <fontcolor bgColor="fff6d4d8" name="com-junichi11-netbeans-modules-textlint-fixable-annotation"/>
    <fontcolor name="sonarqube-minor-annotation" waveUnderlined="ff37c43c"/>
    <fontcolor bgColor="fff6d4d8" name="com-junichi11-netbeans-modules-textlint-annotation"/>
    <fontcolor name="PinnedWatch"/>
    <fontcolor name="com-github-philippefichet-sonarlint4netbeans-annotation-major" waveUnderlined="ffd4333f"/>
    <fontcolor name="com-github-philippefichet-sonarlint4netbeans-annotation-info" waveUnderlined="ff4b9fd5"/>
    <fontcolor name="sonarqube-blocker-annotation" waveUnderlined="ffed002b"/>
    <fontcolor name="com-github-philippefichet-sonarlint4netbeans-annotation-critical" waveUnderlined="ffd4333f"/>
    <fontcolor name="sonarqube-major-annotation" waveUnderlined="ffed002b"/>
    <fontcolor name="sonarqube-critical-annotation" waveUnderlined="ffed002b"/>
    <fontcolor name="com-github-philippefichet-sonarlint4netbeans-annotation-minor" waveUnderlined="ffb0d513"/>
    <fontcolor name="com-github-philippefichet-sonarlint4netbeans-annotation-blocker" waveUnderlined="ffd4333f"/>
    <fontcolor name="sonarqube-info-annotation" waveUnderlined="ff37c43c"/>
    <fontcolor name="com-github-philippefichet-sonarlint4netbeans-annotation-generic" waveUnderlined="red"/>
</fontscolors>
